Antilocapra americana,45375.0
Addax nasomaculatus,182375.0
Aepyceros melampus,41480.0
Alcelaphus buselaphus,150000.0
Ammodorcas clarkei,28500.0
Ammotragus lervia,55500.0
Antidorcas marsupialis,30000.0
Antilope cervicapra,37500.0
Bison bison,497666.67
Bison bonasus,500000.0
Bos grunniens,333000.0
Bos frontalis,800000.0
Bos javanicus,666666.67
Boselaphus tragocamelus,169000.0
Bubalus depressicornis,
Bubalus mindorensis,233333.33
Bubalus bubalis,950000.0
Budorcas taxicolor,302000.0
Capra caucasica,55000.0
Capra falconeri,41000.0
Capra ibex,71500.0
Capra cylindricornis,50000.0
Capra hircus,60000.0
Cephalophus niger,18100.0
Cephalophus nigrifrons,13900.0
Cephalophus natalensis,10000.0
Cephalophus leucogaster,12700.0
Cephalophus ogilbyi,20000.0
Cephalophus zebra,
Cephalophus rufilatus,12500.0
Cephalophus dorsalis,11600.0
Cephalophus monticola,6250.0
Cephalophus silvicultor,62500.0
Cephalophus maxwellii,9000.0
Connochaetes gnou,132250.0
Connochaetes taurinus,164500.0
Damaliscus hunteri,159000.0
Damaliscus pygargus,84500.0
Damaliscus lunatus,128000.0
Gazella soemmerringii,40000.0
Gazella rufifrons,27000.0
Gazella dama,73000.0
Gazella leptoceros,23600.0
Gazella granti,47636.36
Gazella spekei,20000.0
Gazella cuvieri,17500.0
Gazella dorcas,16985.0
Gazella subgutturosa,25500.0
Gazella thomsonii,16300.0
Gazella gazella,20750.0
Hemitragus hylocrius,
Hemitragus jemlahicus,35200.0
Hippotragus equinus,242000.0
Hippotragus niger,200500.0
Kobus megaceros,17500.0
Kobus vardonii,63950.0
Kobus leche,81733.33
Kobus ellipsiprymnus,175333.33
Kobus kob,58600.0
Litocranius walleri,41333.33
Madoqua saltiana,3250.0
Madoqua guentheri,4550.0
Madoqua kirkii,4876.67
Naemorhedus crispus,30000.0
Naemorhedus sumatraensis,87500.0
Naemorhedus goral,27666.67
Neotragus batesi,2500.0
Neotragus moschatus,7166.67
Oreamnos americanus,82350.0
Oreotragus oreotragus,13000.0
Oryx dammah,177500.0
Oryx leucoryx,121350.0
Oryx gazella,195000.0
Ourebia ourebi,17500.0
Ovibos moschatus,258000.0
Ovis nivicola,50500.0
Ovis vignei,60000.0
Ovis dalli,57666.67
Ovis canadensis,68166.67
Ovis ammon,180000.0
Ovis aries,50000.0
Pantholops hodgsonii,27500.0
Pelea capreolus,25000.0
Procapra gutturosa,24000.0
Pseudois nayaur,46666.67
Raphicerus campestris,11333.33
Redunca arundinum,48850.0
Redunca redunca,40000.0
Redunca fulvorufula,30000.0
Rupicapra rupicapra,26100.0
Saiga tatarica,38250.0
Sigmoceros lichtensteinii,153000.0
Sylvicapra grimmia,19000.0
Syncerus caffer,504666.67
Taurotragus derbianus,680000.0
Taurotragus oryx,432500.0
Tetracerus quadricornis,19000.0
Tragelaphus buxtoni,218000.0
Tragelaphus eurycerus,186250.0
Tragelaphus spekii,87500.0
Tragelaphus strepsiceros,190000.0
Tragelaphus angasii,100666.67
Tragelaphus imberbis,64500.0
Tragelaphus scriptus,36250.0
Camelus bactrianus,
Camelus dromedarius,434000.0
Lama glama,142500.0
Lama pacos,60000.0
Lama guanicoe,110000.0
Vicugna vicugna,50000.0
Alces alces,351000.0
Axis porcinus,33500.0
Axis axis,55000.0
Blastocerus dichotomus,102500.0
Capreolus capreolus,21666.67
Capreolus pygargus,39450.0
Cervus duvaucelii,143000.0
Cervus elaphus,120333.33
Cervus albirostris,125000.0
Cervus timorensis,53000.0
Cervus unicolor,171000.0
Cervus eldii,73000.0
Cervus nippon,96500.0
Dama dama,54500.0
Elaphodus cephalophus,33500.0
Elaphurus davidianus,149000.0
Hippocamelus bisulcus,70000.0
Hippocamelus antisensis,68600.0
Hydropotes inermis,14000.0
Mazama rufina,8200.0
Mazama gouazoupira,16650.0
Mazama americana,23000.0
Muntiacus muntjak,14000.0
Muntiacus reevesi,12000.0
Odocoileus hemionus,55766.67
Odocoileus virginianus,59500.0
Ozotoceros bezoarticus,35000.0
Pudu mephistophiles,9750.0
Pudu puda,8250.0
Rangifer tarandus,113200.0
Giraffa camelopardalis,800000.0
Okapia johnstoni,287500.0
Hexaprotodon liberiensis,215000.0
Hippopotamus amphibius,1258333.33
Moschus chrysogaster,11000.0
Moschus berezovskii,10900.0
Moschus moschiferus,12500.0
Babyrousa babyrussa,100000.0
Hylochoerus meinertzhageni,202500.0
Phacochoerus aethiopicus,71000.0
Potamochoerus porcus,71000.0
Sus salvanius,8150.0
Sus barbatus,102750.0
Sus scrofa,100900.0
Catagonus wagneri,35300.0
Pecari tajacu,19200.0
Tayassu pecari,33750.0
Hyemoschus aquaticus,12250.0
Moschiola meminna,2450.0
Tragulus javanicus,3850.0
Tragulus napu,5900.0
Alopex lagopus,4500.0
Atelocynus microtis,9500.0
Canis simensis,12675.0
Canis aureus,11000.0
Canis rufus,26000.0
Canis lupus,34875.0
Canis mesomelas,9750.0
Canis latrans,11800.0
Canis adustus,8250.0
Cerdocyon thous,6500.0
Chrysocyon brachyurus,23000.0
Cuon alpinus,12760.0
Lycaon pictus,27133.33
Nyctereutes procyonoides,4232.0
Otocyon megalotis,4150.0
Pseudalopex gymnocercus,4690.0
Pseudalopex griseus,3990.0
Pseudalopex culpaeus,13000.0
Speothos venaticus,6000.0
Urocyon cinereoargenteus,4220.0
Urocyon littoralis,1890.67
Vulpes cana,1000.0
Vulpes chama,4000.0
Vulpes rueppelli,2250.0
Vulpes ferrilata,7000.0
Vulpes pallida,2550.0
Vulpes bengalensis,1800.0
Vulpes corsac,2700.0
Vulpes vulpes,5662.5
Vulpes zerda,1200.0
Vulpes velox,2766.67
Acinonyx jubatus,58750.0
Caracal caracal,14000.0
Catopuma temminckii,11500.0
Felis chaus,10000.0
Felis margarita,2350.0
Felis silvestris,4150.0
Felis nigripes,2125.0
Herpailurus yaguarondi,6750.0
Leopardus wiedii,3666.67
Leopardus tigrinus,2250.0
Leopardus pardalis,8800.0
Leptailurus serval,13350.0
Lynx pardinus,9400.0
Lynx rufus,8600.0
Lynx lynx,18026.67
Lynx canadensis,8900.0
Neofelis nebulosa,19500.0
Oncifelis colocolo,2950.0
Oncifelis geoffroyi,4000.0
Otocolobus manul,3500.0
Panthera tigris,119700.0
Panthera onca,81150.0
Panthera leo,139500.0
Panthera pardus,42325.0
Pardofelis marmorata,3500.0
Prionailurus viverrinus,10850.0
Prionailurus rubiginosus,1350.0
Prionailurus bengalensis,4150.0
Profelis aurata,10650.0
Puma concolor,48000.0
Uncia uncia,45625.0
Atilax paludinosus,3300.0
Bdeogale crassicauda,1570.0
Crossarchus obscurus,727.0
Cynictis penicillata,598.5
Galerella pulverulenta,683.0
Galerella sanguinea,448.0
Galidia elegans,800.0
Galidictis fasciata,
Helogale parvula,274.8
Herpestes javanicus,800.0
Herpestes edwardsii,1008.0
Herpestes ichneumon,2920.0
Ichneumia albicauda,3150.0
Mungos mungo,1331.5
Mungotictis decemlineata,700.0
Paracynictis selousi,1800.0
Suricata suricatta,776.0
Crocuta crocuta,63000.0
Hyaena hyaena,40000.0
Parahyaena brunnea,60200.0
Proteles cristatus,10000.0
Amblonyx cinereus,3000.0
Aonyx congicus,24000.0
Aonyx capensis,11800.0
Arctonyx collaris,10500.0
Conepatus leuconotus,3500.0
Conepatus semistriatus,1200.0
Conepatus mesoleucus,1996.67
Eira barbara,4500.0
Enhydra lutris,21800.0
Galictis vittata,2350.0
Gulo gulo,16333.33
Ictonyx libyca,500.0
Ictonyx striatus,765.0
Lontra longicaudis,7500.0
Lontra felina,
Lontra canadensis,6225.0
Lutra maculicollis,4000.0
Lutra lutra,6750.0
Lutrogale perspicillata,9000.0
Martes flavigula,2500.0
Martes zibellina,1066.67
Martes foina,1700.0
Martes americana,606.67
Martes pennanti,2600.0
Martes martes,1300.0
Meles meles,13000.0
Mellivora capensis,10000.0
Melogale personata,2000.0
Mephitis macroura,965.0
Mephitis mephitis,1821.25
Mustela nigripes,809.0
Mustela lutreola,440.0
Mustela altaica,171.0
Mustela sibirica,405.0
Mustela vison,899.75
Mustela frenata,150.6
Mustela erminea,110.33
Mustela eversmannii,1350.0
Mustela putorius,588.67
Mustela nivalis,49.75
Poecilogale albinucha,257.5
Pteronura brasiliensis,24000.0
Spilogale pygmaea,260.0
Spilogale putorius,511.5
Taxidea taxus,6050.0
Vormela peregusna,542.5
Odobenus rosmarus,650000.0
Arctocephalus galapagoensis,27000.0
Arctocephalus tropicalis,50000.0
Arctocephalus forsteri,55000.0
Arctocephalus gazella,40500.0
Arctocephalus pusillus,77666.67
Arctocephalus australis,45000.0
Eumetopias jubatus,288932.5
Neophoca cinerea,79633.33
Otaria byronia,140000.0
Phocarctos hookeri,
Zalophus californianus,84666.67
Callorhinus ursinus,49100.0
Cystophora cristata,212000.0
Erignathus barbatus,286666.67
Halichoerus grypus,186000.0
Hydrurga leptonyx,398666.67
Leptonychotes weddellii,421666.67
Lobodon carcinophagus,238333.33
Mirounga leonina,579400.0
Mirounga angustirostris,716666.67
Monachus monachus,275000.0
Monachus schauinslandi,173000.0
Ommatophoca rossii,187666.67
Phoca largha,80000.0
Phoca caspica,86000.0
Phoca hispida,86140.0
Phoca groenlandica,128786.67
Phoca fasciata,82500.0
Phoca vitulina,101250.0
Phoca sibirica,81666.67
Bassaricyon gabbii,1242.5
Bassariscus sumichrasti,900.0
Bassariscus astutus,975.5
Nasua nasua,4750.0
Nasua narica,3750.0
Potos flavus,3000.0
Procyon cancrivorus,6270.0
Procyon lotor,4400.0
Ailuropoda melanoleuca,111600.0
Ailurus fulgens,4325.0
Helarctos malayanus,46000.0
Melursus ursinus,100000.0
Tremarctos ornatus,61000.0
Ursus thibetanus,76666.67
Ursus maritimus,286366.67
Ursus arctos,203500.0
Ursus americanus,110560.0
Arctictis binturong,12250.0
Arctogalidia trivirgata,2250.0
Chrotogale owstoni,3250.0
Civettictis civetta,13666.67
Cryptoprocta ferox,9500.0
Cynogale bennettii,4000.0
Eupleres goudotii,3000.0
Fossa fossana,1540.0
Genetta maculata,2225.0
Genetta genetta,1866.67
Genetta tigrina,1820.0
Hemigalus derbyanus,2375.0
Nandinia binotata,1900.0
Paguma larvata,4300.0
Paradoxurus zeylonensis,2380.0
Paradoxurus hermaphroditus,3100.0
Prionodon pardicolor,4500.0
Prionodon linsang,698.0
Viverra zibetha,10000.0
Viverricula indica,3000.0
Balaena mysticetus,80000000.0
Eubalaena australis,23000000.0
Eubalaena glacialis,23000000.0
Balaenoptera physalus,66800000.0
Balaenoptera musculus,149000000.0
Balaenoptera borealis,14766666.67
Balaenoptera edeni,20000000.0
Balaenoptera acutorostrata,16266666.67
Megaptera novaeangliae,30000000.0
Cephalorhynchus heavisidii,
Cephalorhynchus commersonii,72400.0
Cephalorhynchus hectori,
Delphinus delphis,76365.0
Feresa attenuata,133000.0
Globicephala melas,1060000.0
Globicephala macrorhynchus,726000.0
Grampus griseus,425000.0
Lagenodelphis hosei,164000.0
Lagenorhynchus albirostris,180000.0
Lagenorhynchus obliquidens,103000.0
Lagenorhynchus acutus,182000.0
Lagenorhynchus obscurus,110000.0
Orcaella brevirostris,190000.0
Orcinus orca,4300000.0
Peponocephala electra,206000.0
Pseudorca crassidens,1360000.0
Sotalia fluviatilis,46666.67
Stenella coeruleoalba,122950.0
Stenella longirostris,70333.33
Stenella attenuata,68700.0
Steno bredanensis,122500.0
Tursiops truncatus,173333.33
Eschrichtius robustus,25066666.67
Delphinapterus leucas,665000.0
Monodon monoceros,900000.0
Caperea marginata,3200000.0
Neophocaena phocaenoides,32500.0
Phocoena sinus,45000.0
Phocoena phocoena,53183.33
Phocoenoides dalli,101666.67
Kogia simus,190233.33
Kogia breviceps,363000.0
Physeter catodon,15400000.0
Inia geoffrensis,96500.0
Lipotes vexillifer,83500.0
Platanista minor,
Platanista gangetica,21000.0
Pontoporia blainvillei,40333.33
Berardius arnuxii,
Berardius bairdii,8200000.0
Hyperoodon ampullatus,5266666.67
Mesoplodon carlhubbsi,1500000.0
Mesoplodon densirostris,1050000.0
Mesoplodon bidens,3400000.0
Ziphius cavirostris,2952500.0
Cynocephalus variegatus,1000.0
Cynocephalus volans,
Dendrohyrax arboreus,2950.0
Dendrohyrax dorsalis,3116.67
Heterohyrax brucei,2456.67
Procavia capensis,3600.0
Amblysomus hottentotus,64.8
Chrysochloris stuhlmanni,39.8
Chrysochloris asiatica,42.0
Chrysospalax villosus,104.0
Eremitalpa granti,23.2
Atelerix algirus,745.0
Atelerix albiventris,334.0
Atelerix frontalis,309.0
Echinosorex gymnura,956.5
Erinaceus concolor,719.0
Erinaceus europaeus,771.0
Hemiechinus micropus,171.0
Hemiechinus hypomelas,292.0
Hemiechinus aethiopicus,358.0
Hemiechinus auritus,342.0
Hylomys suillus,64.0
Solenodon cubanus,1000.0
Solenodon paradoxus,900.0
Blarina carolinensis,9.25
Blarina hylophaga,14.5
Blarina brevicauda,21.63
Crocidura fuliginosa,12.0
Crocidura turba,15.0
Crocidura canariensis,7.5
Crocidura fuscomurina,5.0
Crocidura planiceps,2.5
Crocidura crossei,7.2
Crocidura mariquensis,9.7
Crocidura viaria,17.1
Crocidura flavescens,22.0
Crocidura leucodon,9.91
Crocidura hirta,13.67
Crocidura russula,11.63
Crocidura suaveolens,7.7
Cryptotis parva,6.2
Diplomesodon pulchellum,10.0
Myosorex varius,11.0
Myosorex cafer,13.0
Myosorex geata,
Neomys anomalus,16.0
Neomys fodiens,14.32
Notiosorex crawfordi,4.15
Sorex mirabilis,
Sorex dispar,4.9
Sorex pacificus,6.71
Sorex bairdii,8.34
Sorex bendirii,15.88
Sorex coronatus,9.6
Sorex merriami,4.0
Sorex cinereus,4.26
Sorex arcticus,8.2
Sorex ornatus,5.57
Sorex hoyi,4.37
Sorex monticolus,6.0
Sorex trowbridgii,4.44
Sorex minutus,7.25
Sorex haydeni,3.0
Sorex araneus,8.98
Sorex longirostris,3.68
Sorex nanus,2.5
Sorex fumeus,8.2
Sorex vagrans,5.58
Sorex palustris,12.47
Suncus murinus,45.87
Suncus varilla,
Suncus etruscus,2.1
Surdisorex norae,
Surdisorex polulus,
Sylvisorex granti,
Condylura cristata,55.33
Desmana moschata,383.0
Galemys pyrenaicus,61.3
Neurotrichus gibbsii,10.0
Parascalops breweri,50.18
Scalopus aquaticus,74.6
Scapanus townsendii,118.8
Scapanus orarius,76.9
Scapanus latimanus,52.0
Talpa altaica,85.0
Talpa europaea,133.3
Urotrichus talpoides,19.5
Echinops telfairi,180.0
Geogale aurita,6.7
Hemicentetes semispinosus,149.6
Limnogale mergulus,79.5
Microgale dobsoni,37.8
Microgale talazaci,48.1
Micropotamogale lamottei,69.6
Potamogale velox,761.7
Setifer setosus,259.45
Tenrec ecaudatus,884.0
Brachylagus idahoensis,421.33
Bunolagus monticularis,1250.0
Caprolagus hispidus,2500.0
Lepus nigricollis,2099.5
Lepus callotis,1820.0
Lepus insularis,
Lepus tolai,2110.0
Lepus othus,4506.33
Lepus arcticus,3766.0
Lepus timidus,3030.43
Lepus americanus,1489.25
Lepus townsendii,3035.5
Lepus capensis,2358.0
Lepus alleni,3759.67
Lepus californicus,2317.0
Lepus europaeus,3673.33
Lepus saxatilis,2686.0
Oryctolagus cuniculus,1558.25
Poelagus marjorita,2500.0
Pronolagus randensis,2470.0
Pronolagus crassicaudatus,1945.0
Pronolagus rupestris,1700.0
Romerolagus diazi,494.5
Sylvilagus brasiliensis,950.0
Sylvilagus palustris,1233.0
Sylvilagus transitionalis,902.6
Sylvilagus aquaticus,2120.67
Sylvilagus bachmani,707.67
Sylvilagus nuttallii,759.96
Sylvilagus floridanus,1269.0
Sylvilagus audubonii,909.38
Ochotona macrotis,167.0
Ochotona curzoniae,
Ochotona collaris,129.0
Ochotona roylei,115.0
Ochotona dauurica,128.0
Ochotona alpina,
Ochotona princeps,140.2
Ochotona rutila,
Ochotona pallasi,
Ochotona pusilla,
Ochotona rufescens,250.0
Elephantulus rupestris,60.0
Elephantulus fuscus,
Elephantulus intufi,51.95
Elephantulus myurus,51.94
Elephantulus rozeti,48.0
Elephantulus rufescens,58.0
Elephantulus brachyrhynchus,44.33
Macroscelides proboscideus,40.0
Petrodromus tetradactylus,220.0
Rhynchocyon chrysopygus,540.0
Equus asinus,250000.0
Equus kiang,275000.0
Equus grevyi,384000.0
Equus zebra,296000.0
Equus burchellii,257000.0
Equus hemionus,230000.0
Ceratotherium simum,2233333.33
Dicerorhinus sumatrensis,1266666.67
Diceros bicornis,927766.67
Rhinoceros unicornis,1602333.33
Rhinoceros sondaicus,1750000.0
Tapirus pinchaque,148950.0
Tapirus terrestris,200000.0
Tapirus indicus,296250.0
Tapirus bairdii,300000.0
Manis gigantea,33000.0
Manis javanica,5150.0
Manis pentadactyla,2350.0
Manis tricuspis,1480.0
Manis crassicaudata,3900.0
Manis tetradactyla,2750.0
Manis temminckii,7230.0
Callimico goeldii,558.33
Callithrix humeralifer,343.33
Callithrix argentata,357.25
Callithrix pygmaea,116.83
Callithrix penicillata,307.0
Callithrix flaviceps,406.0
Callithrix jacchus,309.0
Leontopithecus rosalia,558.0
Saguinus leucopus,490.0
Saguinus imperator,445.8
Saguinus bicolor,465.0
Saguinus nigricollis,411.0
Saguinus mystax,526.13
Saguinus geoffroyi,499.33
Saguinus fuscicollis,370.0
Saguinus oedipus,401.0
Saguinus labiatus,501.33
Saguinus midas,466.75
Alouatta pigra,11600.0
Alouatta seniculus,5555.29
Alouatta palliata,5659.14
Alouatta caraya,5353.0
Aotus trivirgatus,833.56
Aotus lemurinus,874.0
Aotus azarai,1230.0
Ateles belzebuth,5400.0
Ateles geoffroyi,6265.8
Ateles paniscus,7758.8
Ateles fusciceps,7761.8
Brachyteles arachnoides,11142.5
Cacajao calvus,4092.0
Callicebus torquatus,1050.0
Callicebus cupreus,1120.0
Callicebus moloch,850.0
Cebus olivaceus,2410.0
Cebus capucinus,2602.57
Cebus apella,2528.5
Cebus albifrons,2539.07
Chiropotes albinasus,2900.0
Chiropotes satanas,2750.0
Lagothrix lagotricha,6076.25
Pithecia monachus,1926.67
Pithecia pithecia,1377.2
Saimiri oerstedi,580.0
Saimiri sciureus,607.8
Allenopithecus nigroviridis,3301.67
Cercocebus galeritus,5425.75
Cercocebus torquatus,7036.67
Cercopithecus wolfi,2870.0
Cercopithecus lhoesti,4700.0
Cercopithecus mona,3833.33
Cercopithecus nictitans,4225.33
Cercopithecus erythrotis,
Cercopithecus cephus,2866.25
Cercopithecus pogonias,2973.67
Cercopithecus ascanius,3392.6
Cercopithecus campbelli,3150.0
Cercopithecus mitis,5685.71
Cercopithecus solatus,3920.0
Cercopithecus neglectus,4670.17
Cercopithecus diana,4216.5
Chlorocebus aethiops,3732.64
Colobus angolensis,9000.0
Colobus satanas,9500.0
Colobus polykomos,8508.0
Colobus guereza,9725.17
Erythrocebus patas,5883.4
Lophocebus albigena,6725.8
Macaca thibetana,10036.67
Macaca fuscata,8857.5
Macaca maura,5575.0
Macaca sylvanus,9752.6
Macaca arctoides,7307.67
Macaca nigra,6211.67
Macaca sinica,3495.0
Macaca silenus,4875.0
Macaca mulatta,5413.4
Macaca cyclopis,6316.67
Macaca nemestrina,6133.1
Macaca fascicularis,3456.29
Macaca radiata,3735.0
Mandrillus leucophaeus,9087.5
Mandrillus sphinx,11916.67
Miopithecus talapoin,1093.33
Nasalis larvatus,9462.6
Papio hamadryas,14028.57
Presbytis comata,6200.0
Presbytis rubicunda,6300.0
Presbytis potenziani,6400.0
Presbytis melalophos,6600.0
Procolobus verus,3600.0
Procolobus badius,6163.5
Pygathrix bieti,9960.0
Pygathrix nemaeus,8310.0
Semnopithecus entellus,11253.33
Theropithecus gelada,12242.33
Trachypithecus francoisi,7325.0
Trachypithecus geei,8100.0
Trachypithecus johnii,12000.0
Trachypithecus cristatus,6572.0
Trachypithecus vetulus,7081.75
Trachypithecus obscurus,6426.0
Trachypithecus phayrei,8400.0
Cheirogaleus major,394.2
Cheirogaleus medius,170.6
Microcebus rufus,69.0
Microcebus coquereli,306.67
Microcebus murinus,71.0
Phaner furcifer,400.0
Daubentonia madagascariensis,2610.33
Euoticus elegantulus,280.0
Galago alleni,289.2
Galago moholi,180.0
Galago senegalensis,171.38
Galagoides demidoff,66.0
Galagoides zanzibaricus,144.0
Otolemur crassicaudatus,1143.33
Otolemur garnettii,731.33
Gorilla gorilla,101386.11
Pan troglodytes,37618.18
Pan paniscus,32733.33
Pongo pygmaeus,37115.6
Hylobates moloch,6048.4
Hylobates klossii,5900.0
Hylobates hoolock,6500.0
Hylobates concolor,6389.67
Hylobates agilis,5666.67
Hylobates syndactylus,9554.67
Hylobates lar,5050.56
Avahi laniger,1094.43
Indri indri,7918.0
Propithecus tattersalli,3545.0
Propithecus diadema,6260.0
Propithecus verreauxi,3657.13
Eulemur rubriventer,1765.33
Eulemur macaco,2171.83
Eulemur mongoz,1666.2
Eulemur coronatus,1389.25
Eulemur fulvus,2426.29
Hapalemur aureus,1390.0
Hapalemur griseus,1202.71
Lemur catta,2466.67
Varecia variegata,3431.43
Arctocebus calabarensis,314.14
Loris tardigradus,237.0
Nycticebus pygmaeus,307.0
Nycticebus coucang,966.2
Perodicticus potto,1083.5
Lepilemur leucopus,700.0
Lepilemur ruficaudatus,779.0
Lepilemur mustelinus,713.0
Tarsius pumilis,
Tarsius dianae,107.0
Tarsius syrichta,112.0
Tarsius bancanus,101.2
Tarsius spectrum,179.6
Elephas maximus,3178000.0
Loxodonta africana,3507000.0
Abrocoma cinerea,250.0
Abrocoma bennetti,307.0
Agouti paca,9000.0
Anomalurus beecrofti,389.0
Anomalurus derbianus,770.0
Anomalurus pelii,1650.0
Idiurus zenkeri,15.75
Aplodontia rufa,687.0
Bathyergus suillus,635.0
Bathyergus janetta,332.0
Cryptomys damarensis,144.0
Cryptomys hottentotus,132.5
Cryptomys ochraceocinereus,200.0
Georychus capensis,181.0
Heliophobius argenteocinereus,160.0
Heterocephalus glaber,35.0
Capromys pilorides,4683.33
Geocapromys ingrahami,660.0
Geocapromys brownii,1500.0
Mysateles melanurus,
Mysateles prehensilis,
Plagiodontia aedium,1267.0
Castor fiber,19000.0
Castor canadensis,19606.67
Cavia tschudii,637.5
Cavia aperea,341.0
Cavia porcellus,728.0
Dolichotis salinicola,1600.0
Dolichotis patagonum,12500.0
Galea spixii,326.0
Galea musteloides,337.85
Kerodon rupestris,950.0
Microcavia australis,350.0
Chinchilla brevicaudata,500.0
Chinchilla lanigera,642.5
Lagidium viscacia,600.0
Lagidium peruanum,1270.0
Lagostomus maximus,3250.0
Ctenodactylus vali,174.75
Ctenodactylus gundi,288.8
Massoutiera mzabi,194.0
Ctenomys torquatus,275.0
Ctenomys haigi,164.0
Ctenomys peruanus,490.0
Ctenomys talarum,100.0
Ctenomys opimus,400.0
Dasyprocta punctata,2675.0
Dasyprocta cristata,2650.0
Dasyprocta leporina,3265.0
Myoprocta acouchy,775.0
Dinomys branickii,12500.0
Allactaga tetradactyla,52.0
Allactaga euphratica,35.9
Allactaga sibirica,117.5
Allactaga elater,58.67
Dipus sagitta,87.0
Eremodipus lichtensteini,51.0
Jaculus orientalis,134.0
Jaculus jaculus,55.0
Jaculus turcmenicus,
Napaeozapus insignis,21.33
Pygeretmus platyurus,
Pygeretmus pumilio,52.33
Salpingotus crassicauda,
Sicista napaea,
Sicista betulina,8.0
Stylodipus telum,55.0
Zapus princeps,28.75
Zapus trinotatus,24.0
Zapus hudsonius,18.25
Echimys chrysurus,640.0
Hoplomys gymnurus,504.0
Kannabateomys amblyonyx,460.0
Makalata armata,276.0
Proechimys cayennensis,356.5
Proechimys semispinosus,500.0
Proechimys guairae,350.0
Thrichomys apereoides,373.5
Coendou prehensilis,3900.0
Erethizon dorsatum,9000.0
Sphiggurus villosus,1750.0
Sphiggurus mexicanus,2000.0
Geomys bursarius,176.67
Geomys pinetis,142.5
Geomys personatus,397.0
Geomys arenarius,210.0
Orthogeomys hispidus,650.0
Orthogeomys cherriei,225.0
Pappogeomys castanops,266.0
Thomomys clusius,
Thomomys monticola,80.0
Thomomys umbrinus,100.0
Thomomys talpoides,91.4
Thomomys bulbivorus,359.9
Thomomys bottae,103.5
Thomomys townsendii,233.0
Chaetodipus nelsoni,14.4
Chaetodipus penicillatus,15.23
Chaetodipus californicus,25.5
Chaetodipus intermedius,16.5
Chaetodipus fallax,18.7
Chaetodipus formosus,19.45
Chaetodipus hispidus,35.25
Dipodomys elephantinus,85.0
Dipodomys nitratoides,35.5
Dipodomys panamintinus,72.4
Dipodomys microps,55.16
Dipodomys agilis,60.57
Dipodomys stephensi,64.5
Dipodomys venustus,82.0
Dipodomys merriami,40.0
Dipodomys spectabilis,119.6
Dipodomys californicus,84.96
Dipodomys ingens,132.0
Dipodomys heermanni,65.0
Dipodomys ordii,54.5
Dipodomys deserti,112.0
Heteromys anomalus,70.0
Heteromys oresterus,81.0
Heteromys goldmani,85.0
Heteromys desmarestianus,77.0
Liomys pictus,50.0
Liomys irroratus,42.5
Liomys adspersus,65.0
Liomys salvini,41.0
Microdipodops pallidus,13.55
Microdipodops megacephalus,13.45
Perognathus fasciatus,11.55
Perognathus longimembris,9.0
Perognathus flavus,7.83
Perognathus flavescens,9.0
Perognathus parvus,20.1
Perognathus merriami,8.0
Perognathus inornatus,8.65
Hydrochaeris hydrochaeris,55000.0
Atherurus macrourus,2000.0
Atherurus africanus,3180.0
Hystrix pumila,2740.0
Hystrix brachyura,8000.0
Hystrix indica,14650.0
Hystrix cristata,18333.33
Hystrix africaeaustralis,15680.0
Acomys percivali,
Acomys russatus,54.43
Acomys wilsoni,20.0
Acomys cahirinus,45.25
Aethomys hindei,107.0
Aethomys kaiseri,198.0
Aethomys chrysophilus,78.55
Aethomys namaquensis,47.56
Akodon varius,37.3
Akodon cursor,39.7
Akodon boliviensis,25.95
Akodon molinae,33.0
Akodon dolores,50.0
Akodon azarae,27.33
Akodon longipilis,37.55
Akodon olivaceus,28.03
Akodon urichi,50.0
Allocricetulus eversmanni,
Alticola roylei,35.0
Alticola strelzowi,50.0
Alticola argentatus,37.7
Apodemus argenteus,
Apodemus peninsulae,32.9
Apodemus uralensis,
Apodemus mystacinus,45.6
Apodemus flavicollis,29.35
Apodemus agrarius,21.5
Apodemus sylvaticus,23.38
Arborimus pomo,36.0
Arborimus longicaudus,23.0
Arborimus albipes,23.0
Arvicanthis niloticus,64.5
Arvicola sapidus,187.5
Arvicola terrestris,120.0
Auliscomys micropus,72.6
Baiomys taylori,7.83
Bandicota indica,545.0
Bandicota bengalensis,166.67
Beamys hindei,101.67
Bolomys lasiurus,39.93
Calomys lepidus,26.6
Calomys laucha,34.0
Calomys hummelincki,27.0
Calomys callosus,41.0
Calomys musculinus,17.6
Calomyscus bailwardi,20.4
Calomyscus mystax,20.4
Cannomys badius,650.0
Chionomys nivalis,54.0
Chionomys gud,
Chiropodomys gliroides,25.5
Chiruromys vates,43.4
Clethrionomys gapperi,20.57
Clethrionomys rufocanus,29.5
Clethrionomys glareolus,20.77
Clethrionomys californicus,23.6
Clethrionomys rutilus,25.0
Colomys goslingi,58.5
Conilurus penicillatus,144.0
Cremnomys blanfordi,14.1
Cremnomys cutchicus,59.8
Cricetomys gambianus,1092.6
Cricetulus barabensis,
Cricetulus migratorius,30.8
Cricetus cricetus,506.67
Dasymys incomtus,106.18
Dendromus messorius,
Dendromus kahuziensis,
Dendromus mystacalis,7.2
Dendromus mesomelas,10.6
Dendromus melanotis,7.36
Dephomys defua,45.0
Desmodilliscus braueri,10.0
Desmodillus auricularis,54.5
Dicrostonyx unalascensis,
Dicrostonyx richardsoni,55.0
Dicrostonyx hudsonius,57.0
Dicrostonyx torquatus,85.0
Dicrostonyx groenlandicus,55.05
Dinaromys bogdanovi,56.0
Eligmodontia typus,21.4
Ellobius fuscocapillus,80.0
Ellobius talpinus,38.0
Eolagurus luteus,26.0
Gerbillurus setzeri,38.6
Gerbillurus paeba,28.5
Gerbillurus tytonis,24.0
Gerbillus gleadowi,26.1
Gerbillus andersoni,22.0
Gerbillus henleyi,11.7
Gerbillus gerbillus,25.0
Gerbillus dasyurus,24.4
Gerbillus perpallidus,
Gerbillus simoni,
Gerbillus cheesmani,43.35
Gerbillus nanus,18.5
Gerbillus pyramidum,37.0
Golunda ellioti,65.0
Grammomys rutilans,53.0
Grammomys dolichurus,43.7
Grammomys cometes,
Graomys griseoflavus,66.0
Hodomys alleni,368.0
Holochilus brasiliensis,155.0
Hybomys univittatus,51.8
Hydromys chrysogaster,606.0
Hylomyscus alleni,20.0
Hylomyscus stella,16.7
Hyomys goliath,882.0
Hyperacrius fertilis,
Hyperacrius wynnei,52.6
Hypogeomys antimena,1250.0
Lagurus lagurus,20.3
Lasiopodomys brandtii,
Leggadina lakedownensis,17.5
Leggadina forresti,20.0
Lemmiscus curtatus,27.17
Lemmus lemmus,51.67
Lemmus sibiricus,59.2
Lemniscomys griselda,59.0
Lemniscomys striatus,42.3
Leporillus conditor,332.5
Lophiomys imhausi,755.0
Lophuromys woosnami,
Lophuromys luteogaster,
Lophuromys flavopunctatus,55.0
Lophuromys sikapusi,44.5
Macrotarsomys bastardi,
Malacothrix typica,12.33
Mastomys erythroleucus,37.77
Mastomys natalensis,44.97
Megadontomys thomasi,111.0
Melomys levipes,81.6
Melomys rubex,45.9
Melomys rufescens,57.4
Melomys moncktoni,89.8
Melomys leucogaster,96.0
Melomys capensis,65.0
Melomys burtoni,62.0
Melomys cervinipes,94.0
Meriones persicus,100.0
Meriones tristrami,105.0
Meriones libycus,77.0
Meriones shawi,185.0
Meriones vinogradovi,150.0
Meriones crassus,48.3
Meriones tamariscinus,
Meriones meridianus,53.0
Meriones hurrianae,70.0
Meriones unguiculatus,53.2
Mesembriomys macrurus,268.5
Mesembriomys gouldii,900.0
Mesocricetus brandti,197.5
Mesocricetus raddei,
Mesocricetus auratus,105.0
Micromys minutus,6.0
Microtus lusitanicus,
Microtus transcaspicus,
Microtus duodecimcostatus,
Microtus abbreviatus,50.0
Microtus mexicanus,35.0
Microtus juldaschi,
Microtus breweri,54.0
Microtus montebelli,39.85
Microtus townsendii,54.8
Microtus miurus,39.5
Microtus longicaudus,36.7
Microtus chrotorrhinus,39.0
Microtus canicaudus,35.3
Microtus richardsoni,106.2
Microtus xanthognathus,141.5
Microtus pennsylvanicus,43.67
Microtus pinetorum,25.5
Microtus gregalis,47.5
Microtus guentheri,51.6
Microtus oeconomus,93.33
Microtus agrestis,46.0
Microtus subterraneus,19.5
Microtus ochrogaster,40.0
Microtus oregoni,20.5
Microtus montanus,49.5
Microtus californicus,53.5
Microtus socialis,48.0
Microtus arvalis,27.5
Microtus fortis,63.0
Millardia meltada,70.0
Mus caroli,11.25
Mus spretus,12.8
Mus mayori,
Mus cervicolor,17.7
Mus musculoides,6.0
Mus platythrix,28.2
Mus booduga,9.22
Mus triton,12.45
Mus minutoides,7.25
Mus musculus,20.5
Myomys fumatus,30.0
Myomys derooi,32.0
Myomys daltoni,33.5
Myopus schisticolor,25.0
Myospalax myospalax,
Mystromys albicaudatus,106.0
Nannospalax leucodon,178.0
Neacomys tenuipes,19.0
Nectomys squamipes,290.0
Nectomys parvipes,257.5
Neofiber alleni,269.0
Neotoma devia,96.7
Neotoma fuscipes,233.58
Neotoma stephensi,142.0
Neotoma cinerea,335.5
Neotoma phenax,227.5
Neotoma mexicana,203.0
Neotoma albigula,198.0
Neotoma lepida,125.33
Neotoma micropus,236.33
Neotoma floridana,370.5
Neotomodon alstoni,50.0
Nesokia indica,143.5
Niviventer niviventer,66.4
Notomys cervinus,35.0
Notomys fuscus,35.0
Notomys aquilo,39.0
Notomys mitchellii,52.0
Notomys alexis,35.0
Nyctomys sumichrasti,53.33
Ochrotomys nuttalli,22.0
Oecomys concolor,60.67
Oenomys hypoxanthus,85.5
Oligoryzomys nigripes,22.65
Oligoryzomys flavescens,21.0
Oligoryzomys longicaudatus,27.75
Ondatra zibethicus,1135.8
Onychomys leucogaster,40.0
Onychomys torridus,19.0
Oryzomys subflavus,7.5
Oryzomys palustris,47.67
Oryzomys capito,63.15
Otomys sloggetti,121.0
Otomys typus,
Otomys denti,
Otomys angoniensis,150.95
Otomys irroratus,146.85
Ototylomys phyllotis,101.0
Oxymycterus rufus,85.5
Pachyuromys duprasi,32.5
Parotomys brantsii,120.0
Pelomys minor,50.0
Pelomys fallax,118.0
Peromyscus hooperi,36.0
Peromyscus megalops,71.0
Peromyscus melanocarpus,59.0
Peromyscus mexicanus,60.5
Peromyscus interparietalis,
Peromyscus perfulvus,40.0
Peromyscus melanophrys,40.0
Peromyscus pectoralis,31.5
Peromyscus gratus,26.9
Peromyscus boylii,28.7
Peromyscus yucatanicus,26.3
Peromyscus gossypinus,29.0
Peromyscus difficilis,28.0
Peromyscus attwateri,30.0
Peromyscus nasutus,28.0
Peromyscus sitkensis,28.3
Peromyscus crinitus,16.33
Peromyscus polionotus,14.0
Peromyscus truei,27.0
Peromyscus maniculatus,20.5
Peromyscus eremicus,25.0
Peromyscus leucopus,23.0
Peromyscus californicus,42.0
Peromyscus melanotis,39.6
Petromyscus collinus,21.0
Phenacomys ungava,27.0
Phenacomys intermedius,33.0
Phodopus campbelli,23.4
Phodopus sungorus,23.4
Phodopus roborovskii,
Phyllotis darwini,50.83
Pithecheir parvus,104.0
Podomys floridanus,31.25
Pogonomelomys sevia,60.9
Pogonomys sylvestris,39.1
Pogonomys loriae,95.0
Pogonomys macrourus,45.1
Praomys jacksoni,40.0
Praomys morio,21.0
Praomys tullbergi,36.97
Praomys delectorum,27.0
Psammomys obesus,177.33
Pseudomys fuscus,148.0
Pseudomys oralis,95.0
Pseudomys hermannsburgensis,12.0
Pseudomys pilligaensis,11.0
Pseudomys delicatulus,11.0
Pseudomys gracilicaudatus,63.0
Pseudomys desertor,25.0
Pseudomys nanus,34.0
Pseudomys australis,65.0
Pseudomys fieldi,45.0
Pseudomys praeconis,45.0
Pseudomys shortridgei,64.0
Pseudomys albocinereus,26.0
Pseudomys higginsi,60.1
Pseudomys fumeus,70.0
Pseudomys apodemoides,20.0
Pseudomys novaehollandiae,18.0
Rattus colletti,61.0
Rattus villosissimus,200.0
Rattus tiomanicus,127.5
Rattus leucopus,124.0
Rattus steini,155.0
Rattus praetor,139.35
Rattus tunneyi,113.5
Rattus sordidus,125.0
Rattus argentiventer,202.0
Rattus lutreolus,115.0
Rattus fuscipes,133.0
Rattus exulans,70.0
Rattus norvegicus,280.0
Rattus rattus,246.5
Reithrodon auritus,72.17
Reithrodontomys humulis,10.3
Reithrodontomys megalotis,11.03
Reithrodontomys montanus,9.0
Reithrodontomys raviventris,11.05
Reithrodontomys fulvescens,12.5
Rhabdomys pumilio,51.0
Rhipidomys latimanus,57.5
Rhipidomys mastacalis,75.0
Rhizomys sumatrensis,3000.0
Rhizomys pruinosus,2450.0
Rhombomys opimus,143.0
Saccostomus campestris,47.38
Scotinomys teguina,12.0
Scotinomys xerampelinus,15.0
Sekeetamys calurus,38.5
Sigmodon leucotis,135.5
Sigmodon ochrognathus,113.67
Sigmodon fulviventer,211.0
Sigmodon hispidus,185.0
Sigmodon alstoni,55.7
Spalax microphthalmus,
Steatomys krebsii,24.0
Steatomys pratensis,25.53
Stochomys longicaudatus,74.5
Sundamys muelleri,334.0
Synaptomys cooperi,37.05
Synaptomys borealis,21.3
Tachyoryctes ruandae,
Tachyoryctes splendens,207.5
Tateomys rhinogradoides,84.0
Tatera inclusa,131.0
Tatera leucogaster,64.86
Tatera robusta,93.0
Tatera valida,113.0
Tatera brantsii,75.0
Tatera indica,146.67
Tatera nigricauda,114.0
Tatera afra,74.8
Taterillus emini,
Taterillus pygargus,48.1
Taterillus gracilis,51.85
Thallomys paedulcus,77.43
Thamnomys venustus,65.0
Tylomys nudicaudus,280.0
Uranomys ruddi,47.0
Uromys caudimaculatus,625.0
Vandeleuria nolthenii,56.6
Wiedomys pyrrhorhinos,47.0
Zelotomys woosnami,54.5
Zygodontomys brevicauda,58.0
Zyzomys maini,94.0
Zyzomys argurus,50.0
Zyzomys woodwardi,130.0
Myocastor coypus,7150.0
Dryomys laniger,
Dryomys nitedula,25.0
Eliomys quercinus,115.0
Glirulus japonicus,27.0
Graphiurus crassicaudatus,
Graphiurus murinus,24.0
Graphiurus ocularis,68.8
Muscardinus avellanarius,27.33
Myoxus glis,125.0
Octodon degus,235.0
Octodontomys gliroides,158.0
Spalacopus cyanus,98.05
Pedetes capensis,3500.0
Petromus typicus,200.0
Ammospermophilus harrisii,126.0
Ammospermophilus nelsoni,154.5
Ammospermophilus interpres,110.2
Ammospermophilus leucurus,97.5
Callosciurus prevostii,400.0
Callosciurus caniceps,30.0
Callosciurus nigrovittatus,202.0
Callosciurus notatus,190.0
Cynomys ludovicianus,863.0
Cynomys gunnisoni,816.67
Cynomys parvidens,516.0
Cynomys leucurus,873.5
Cynomys mexicanus,828.1
Dremomys lokriah,172.5
Epixerus ebii,388.0
Exilisciurus exilis,14.6
Funambulus sublineatus,
Funambulus palmarum,
Funambulus pennantii,147.65
Funisciurus anerythrus,218.0
Funisciurus lemniscatus,141.0
Funisciurus pyrropus,271.67
Funisciurus congicus,106.0
Glaucomys sabrinus,132.17
Glaucomys volans,65.38
Heliosciurus rufobrachium,326.5
Hylopetes alboniger,240.0
Hylopetes fimbriatus,510.0
Iomys horsfieldi,120.0
Marmota menzbieri,
Marmota camtschatica,
Marmota vancouverensis,4750.0
Marmota olympus,6300.0
Marmota caligata,6343.33
Marmota bobak,
Marmota flaviventris,2930.0
Marmota broweri,3180.0
Marmota marmota,2010.0
Marmota sibirica,8000.0
Marmota monax,3413.0
Marmota caudata,4100.0
Marmota baibacina,
Myosciurus pumilio,16.5
Paraxerus flavovittis,
Paraxerus poensis,134.0
Paraxerus ochraceus,
Paraxerus palliatus,295.0
Paraxerus cepapi,216.0
Petaurista leucogenys,
Petaurista elegans,1273.33
Petaurista magnificus,1780.0
Petaurista philippensis,
Petaurista petaurista,1330.0
Petinomys genibarbis,110.0
Petinomys setosus,42.25
Petinomys vordermanni,37.0
Petinomys fuscocapillus,712.0
Pteromys volans,130.0
Ratufa indica,1060.0
Ratufa macroura,1280.0
Ratufa bicolor,2150.0
Rhinosciurus laticaudatus,221.0
Sciurillus pusillus,39.0
Sciurus aureogaster,595.0
Sciurus yucatanensis,225.0
Sciurus alleni,461.0
Sciurus arizonensis,760.5
Sciurus griseus,751.67
Sciurus aberti,702.5
Sciurus niger,803.7
Sciurus carolinensis,540.33
Sciurus granatensis,374.0
Sciurus vulgaris,324.75
Spermophilopsis leptodactylus,
Spermophilus relictus,600.0
Spermophilus parryii,751.0
Spermophilus mohavensis,190.0
Spermophilus dauricus,200.0
Spermophilus lateralis,157.6
Spermophilus beldingi,278.5
Spermophilus armatus,308.0
Spermophilus canus,
Spermophilus erythrogenys,
Spermophilus pygmaeus,136.0
Spermophilus major,
Spermophilus mollis,165.4
Spermophilus nayaritensis,707.0
Spermophilus columbianus,466.33
Spermophilus saturatus,275.0
Spermophilus undulatus,840.0
Spermophilus mexicanus,130.95
Spermophilus elegans,401.05
Spermophilus tereticaudus,163.33
Spermophilus brunneus,205.0
Spermophilus beecheyi,609.33
Spermophilus fulvus,596.0
Spermophilus suslicus,
Spermophilus richardsonii,342.5
Spermophilus franklinii,459.0
Spermophilus townsendii,155.0
Spermophilus washingtoni,203.0
Spermophilus tridecemlineatus,172.67
Spermophilus citellus,217.0
Spermophilus variegatus,663.03
Spermophilus spilosoma,119.5
Sundasciurus lowii,67.0
Sundasciurus tenuis,75.0
Tamias ochrogenys,94.1
Tamias palmeri,59.7
Tamias siskiyou,75.0
Tamias canipes,70.0
Tamias sonomae,75.0
Tamias ruficaudus,57.29
Tamias panamintinus,54.15
Tamias speciosus,60.0
Tamias townsendii,84.0
Tamias senex,94.81
Tamias minimus,44.15
Tamias cinereicollis,62.1
Tamias quadrimaculatus,88.45
Tamias amoenus,48.25
Tamias sibiricus,85.0
Tamias quadrivittatus,58.13
Tamias dorsalis,62.8
Tamias striatus,95.7
Tamiasciurus douglasii,229.8
Tamiasciurus hudsonicus,194.5
Trogopterus xanthipes,
Xerus erythropus,502.0
Xerus inauris,588.0
Thryonomys gregorianus,1880.0
Thryonomys swinderianus,3687.5
Tupaia montana,283.0
Tupaia minor,700.0
Tupaia tana,797.0
Tupaia glis,159.0
Tupaia belangeri,
Urogale everetti,350.0
Ptilocercus lowii,42.5
Dugong dugon,479500.0
Hydrodamalis gigas,4000000.0
Trichechus senegalensis,500000.0
Trichechus manatus,387500.0
Trichechus inunguis,480000.0
Orycteropus afer,60000.0
Bradypus torquatus,3900.0
Bradypus variegatus,4860.0
Bradypus tridactylus,3770.0
Cabassous centralis,2750.0
Chaetophractus nationi,2150.0
Chaetophractus villosus,2020.0
Dasypus kappleri,10150.0
Dasypus sabanicola,1150.0
Dasypus hybridus,1500.0
Dasypus septemcinctus,1475.0
Dasypus novemcinctus,4300.0
Euphractus sexcinctus,4600.0
Priodontes maximus,50000.0
Tolypeutes matacus,1225.0
Zaedyus pichiy,1500.0
Choloepus hoffmanni,4750.0
Choloepus didactylus,6070.0
Cyclopes didactylus,5070.0
Myrmecophaga tridactyla,28500.0
Tamandua tetradactyla,5030.0
